Index,Words,CH,Part,Correct,Error,Box
1,accent,腔調,n,0,0,0
2,ache,疼痛,n,0,0,0
3,acquaintance,認識的人,n,0,0,0
4,adventure,歷險、冒險,n,0,0,0
5,affection,喜愛、鍾愛,n,0,0,0
6,alcohol,酒精,n,0,0,0
7,allowance,津貼,n,0,0,0
8,amusement,娛樂,n,0,0,0
9,ancestor,祖先,n,0,0,0
10,anniversary,周年紀念,n,0,0,0
11,announcer,廣播人員,n,0,0,0
12,appetite,食慾、胃口,n,0,0,0
13,applause,掌聲,n,0,0,0
14,appliance,器具、設備,n,0,0,0
15,appreciation,感激、欣賞,n,0,0,0
16,apron,圍裙,n,0,0,0
17,argument,爭執、辯論,n,0,0,0
18,arrival,到達,n,0,0,0
19,athlete,運動員,n,0,0,0
20,atmosphere,大氣層、大氣,n,0,0,0
21,attraction,吸引力,n,0,0,0
22,author,作者,n,0,0,0
23,autobiography,自傳,n,0,0,0
24,ballet,芭蕾,n,0,0,0
25,beauty,美麗,n,0,0,0
26,bedtime,就寢時間,n,0,0,0
27,belly,腹部,n,0,0,0
28,bin,箱子,n,0,0,0
29,blossom,花朵,n,0,0,0
30,bookstore,書店,n,0,0,0
31,bravery,勇敢,n,0,0,0
32,breath,呼吸、氣息,n,0,0,0
33,breeze,微風,n,0,0,0
34,bush,灌木叢,n,0,0,0
35,cart,推車,n,0,0,0
36,ceremony,典禮,n,0,0,0
37,cheek,臉頰,n,0,0,0
第二次,0,0,0,0,0,0
38,chill,寒意,n,0,0,0
39,chorus,合唱,n,0,0,0
40,circus,馬戲團,n,0,0,0
41,climax,高潮,n,0,0,0
42,clinic,診所,n,0,0,0
43,comedy,喜劇,n,0,0,0
44,community,社區,n,0,0,0
45,companion,夥伴,n,0,0,0
46,concert,音樂會,n,0,0,0
47,contest,競賽,n,0,0,0
48,costume,服裝,n,0,0,0
49,cradle,搖籃,n,0,0,0
50,cupboard,櫥櫃,n,0,0,0
51,detective,偵探,n,0,0,0
52,dialogue,對話,n,0,0,0
53,dirt,髒污,n,0,0,0
54,divorce,離婚,n,0,0,0
55,dust,灰塵,n,0,0,0
56,echo,回音,n,0,0,0
57,elbow,手肘,n,0,0,0
58,elevator,電梯,n,0,0,0
59,emperor,皇帝,n,0,0,0
60,enjoyment,樂趣,n,0,0,0
61,entertainment,娛樂、消遣活動,n,0,0,0
62,eyebrow,眉毛,n,0,0,0
63,eyesight,視力,n,0,0,0
64,fable,寓言故事,n,0,0,0
65,fantasy,幻想,n,0,0,0
66,farewell,惜別、告辭,n,0,0,0
67,fashion,流行、時髦,n,0,0,0
68,feather,羽毛,n,0,0,0
69,flame,火焰,n,0,0,0
70,flavor,口味,n,0,0,0
71,fountain,噴泉、泉源,n,0,0,0
72,fragrance,香氣,n,0,0,0
73,frame,框、結構,n,0,0,0
74,freeway,高速公路,n,0,0,0
第三次,0,0,0,0,0,0
75,frost,霜,n,0,0,0
76,funeral,喪禮,n,0,0,0
77,gallery,畫廊,n,0,0,0
78,grave,墳墓,n,0,0,0
79,grief,悲傷,n,0,0,0
80,hay,乾草,n,0,0,0
81,heartbreak,心碎、傷心,n,0,0,0
82,heaven,天堂,n,0,0,0
83,heel,腳跟,n,0,0,0
84,herd,獸群,n,0,0,0
85,heroine,女英雄,n,0,0,0
86,homeland,祖國,n,0,0,0
87,honeymoon,蜜月,n,0,0,0
88,horror,恐懼、震驚,n,0,0,0
89,housework,家事,n,0,0,0
90,infant,嬰兒,n,0,0,0
91,ivory,象牙,n,0,0,0
92,jail,監獄,n,0,0,0
93,jelly,果醬、果凍,n,0,0,0
94,jewel,寶石,n,0,0,0
95,journal,期刊、雜誌,n,0,0,0
96,journey,旅程,n,0,0,0
97,jungle,叢林,n,0,0,0
98,junk,廢棄的舊物,n,0,0,0
99,knot,繩結,n,0,0,0
100,ladder,梯子,n,0,0,0
101,landscape,風景,n,0,0,0
102,lantern,燈籠,n,0,0,0
103,laughter,笑聲,n,0,0,0
104,laundry,洗衣店,n,0,0,0
105,lavatory,盥洗室,n,0,0,0
106,lawn,草地,n,0,0,0
107,leather,皮革,n,0,0,0
108,lens,鏡片,n,0,0,0
109,leopard,豹,n,0,0,0
110,liberty,自由,n,0,0,0
111,lullaby,搖籃曲,n,0,0,0
112,maid,女僕,n,0,0,0
113,marathon,馬拉松,n,0,0,0
114,mate,伴侶,n,0,0,0
115,meantime,期間,n,0,0,0
116,melody,旋律,n,0,0,0
117,mercy,慈悲、仁慈,n,0,0,0
118,mill,磨坊、磨粉機,n,0,0,0
119,misfortune,不幸,n,0,0,0
120,mist,薄霧,n,0,0,0
121,monument,紀念碑,n,0,0,0
122,mood,心情,n,0,0,0
123,muscle,肌肉,n,0,0,0
124,neighborhood,鄰近地區、街訪鄰居,n,0,0,0
125,nickname,綽號,n,0,0,0
126,nightmare,惡夢,n,0,0,0
127,opera,歌劇,n,0,0,0
128,orchestra,管弦樂隊,n,0,0,0
129,palace,宮殿,n,0,0,0
130,palm,手掌,n,0,0,0
131,parachute,降落傘,n,0,0,0
132,parade,遊行,n,0,0,0
133,paradise,天堂,n,0,0,0
134,patience,耐心,n,0,0,0
135,payment,支付、付款,n,0,0,0
136,pearl,珍珠,n,0,0,0
137,perfume,香水,n,0,0,0
138,pirate,海盜,n,0,0,0
139,pity,可惜、同情,n,0,0,0
140,plastic,塑膠,n,0,0,0
141,poetry,詩、詩歌,n,0,0,0
142,portion,部分,n,0,0,0
143,portrait,肖像,n,0,0,0
144,pregnancy,懷孕,n,0,0,0
145,pronunciation,發音,n,0,0,0
146,proverb,諺語,n,0,0,0
147,punch,一拳,n,0,0,0
148,puppet,木偶,n,0,0,0
149,recipe,食譜,n,0,0,0
150,recreation,娛樂、消遣,n,0,0,0
151,relationship,關係,n,0,0,0
第四次,0,0,0,0,0,0
152,religion,宗教,n,0,0,0
153,revenge,復仇,n,0,0,0
154,rhythm,節奏,n,0,0,0
155,ribbon,緞帶,n,0,0,0
156,riddle,謎,n,0,0,0
157,romance,戀愛、羅曼史,n,0,0,0
158,route,路線,n,0,0,0
159,sailing,航行、帆船運動,n,0,0,0
160,sake,目的、緣故,n,0,0,0
161,scenery,風景,n,0,0,0
162,scissors,剪刀,n,0,0,0
163,scout,偵查,n,0,0,0
164,sculpture,雕塑、雕刻,n,0,0,0
165,seaside,海邊,n,0,0,0
166,shade,陰涼處,n,0,0,0
167,shadow,影子,n,0,0,0
168,shepherd,牧羊人,n,0,0,0
169,shortcut,捷徑,n,0,0,0
170,shuttle,接駁車,n,0,0,0
171,sightseeing,觀光,n,0,0,0
172,slope,斜坡,n,0,0,0
173,smog,霧霾,n,0,0,0
174,sorrow,悲傷,n,0,0,0
175,souvenir,紀念品,n,0,0,0
176,spell,咒語,n,0,0,0
177,spice,香料,n,0,0,0
178,sportsmanship,運動家精神,n,0,0,0
179,spray,噴霧,n,0,0,0
180,stadium,體育場,n,0,0,0
181,stitch,一針,n,0,0,0
182,stocking,長統襪,n,0,0,0
183,string,線、細線,n,0,0,0
184,stroke,中風,n,0,0,0
185,stuff,物品、事情的總稱,n,0,0,0
186,sunlight,陽光,n,0,0,0
187,sunrise,拂曉,n,0,0,0
188,surfing,衝浪運動,n,0,0,0
189,sweat,汗水,n,0,0,0
190,terminal,航站、終端,n,0,0,0
191,terror,恐懼,n,0,0,0
第五次,0,0,0,0,0,0
192,theft,竊盜,n,0,0,0
193,thirst,口渴,n,0,0,0
194,tide,潮汐、潮水,n,0,0,0
195,timber,木柴,n,0,0,0
196,tissue,組織,n,0,0,0
197,tornado,龍捲風,n,0,0,0
198,trail,足跡,n,0,0,0
199,tray,托盤,n,0,0,0
200,tribe,部落、家族,n,0,0,0
201,troop,部隊,n,0,0,0
202,tutor,家教老師,n,0,0,0
203,vapor,蒸氣,n,0,0,0
204,vigor,活力,n,0,0,0
205,virtue,美德,n,0,0,0
206,wagon,四輪馬車,n,0,0,0
207,waltz,華爾滋,n,0,0,0
208,warmth,溫暖,n,0,0,0
209,whip,鞭子,n,0,0,0
210,wool,羊毛,n,0,0,0
211,wrinkle,皺紋,n,0,0,0
212,youngster,年輕人,n,0,0,0
213,alluminum,鋁,n,0,0,0
214,aspirin,阿斯匹靈,n,0,0,0
215,bureau,(政府機構)局、司、署、處,n,0,0,0
216,capitalism,資本主義,n,0,0,0
217,congress,(正式)會議、代表大會,n,0,0,0
218,constitution,憲法,n,0,0,0
219,council,委員會、議會,n,0,0,0
220,democrat,民主主義者,n,0,0,0
221,dynasty,朝代,n,0,0,0
222,economics,經濟學,n,0,0,0
223,germ,微生物,n,0,0,0
224,governor,州長,n,0,0,0
225,hydrogen,氫,n,0,0,0
226,inflation,通貨膨脹,n,0,0,0
227,institute,學會、協會,n,0,0,0
228,league,同盟,n,0,0,0
229,ministry,(常大寫)(政府)部,n,0,0,0
230,oxygen,氧氣,n,0,0,0
231,philosopher,哲學家,n,0,0,0
232,physicist,物理學家,n,0,0,0
233,politician,政治家,n,0,0,0
234,psychologist,心理學家,n,0,0,0
235,republican,共和主義者,n,0,0,0
236,union,聯盟、公會,n,0,0,0
第六次,0,0,0,0,0,0
237,absence,缺席,n,0,0,0
238,abuse,濫用,n,0,0,0
239,access,管道,n,0,0,0
240,accountant,會計師,n,0,0,0
241,achievement,成就,n,0,0,0
242,administration,行政、管理,n,0,0,0
243,admission,許可,n,0,0,0
244,adviser,顧問,n,0,0,0
245,agency,代辦處、代理機構,n,0,0,0
246,ambition,企圖心,n,0,0,0
247,apology,道歉,n,0,0,0
248,applicant,申請者,n,0,0,0
249,appointment,約定,n,0,0,0
250,arrangement,安排,n,0,0,0
251,assembly,集會、裝配,n,0,0,0
252,assistance,協助,n,0,0,0
253,association,關係、協會,n,0,0,0
254,attitude,態度,n,0,0,0
255,baggage,行李,n,0,0,0
256,bargain,交易、特價品,n,0,0,0
257,battle,戰役,n,0,0,0
258,behavior,行為,n,0,0,0
259,blessing,保佑、恩賜,n,0,0,0
260,brand,品牌、商標,n,0,0,0
261,budget,預算,n,0,0,0
262,bulletin,公告、簡報,n,0,0,0
263,campaign,運動、活動,n,0,0,0
264,catalog,目錄,n,0,0,0
265,certificate,證書,n,0,0,0
266,chain,連鎖、一連串,n,0,0,0
267,charm,魅力,n,0,0,0
268,check,檢查、核對,n,0,0,0
269,chore,雜物,n,0,0,0
270,cigarette,香菸,n,0,0,0
271,client,委託人、客戶,n,0,0,0
272,clip,修剪、夾子、剪報,n,0,0,0
273,coincidence,巧合,n,0,0,0
274,comfort,安逸、舒適,n,0,0,0
第七次,0,0,0,0,0,0
275,commerce,貿易、商業,n,0,0,0
276,commission,佣金、委員會,n,0,0,0
277,commitment,奉獻、承諾,n,0,0,0
278,committee,委員會、委員,n,0,0,0
279,communication,溝通、聯繫,n,0,0,0
280,complaint,抱怨,n,0,0,0
281,compliment,讚美,n,0,0,0
282,conference,會議,n,0,0,0
283,confidence,信心,n,0,0,0
284,confrontation,爭論、對抗,n,0,0,0
285,confusion,困惑、騷動,n,0,0,0
286,conjunction,連接詞、連結,n,0,0,0
287,consideration,考慮,n,0,0,0
288,construction,建設、結構,n,0,0,0
289,consumer,消費者,n,0,0,0
290,context,前後文,n,0,0,0
291,convention,傳統、大會,n,0,0,0
292,corporation,大公司,n,0,0,0
293,counter,櫃台,n,0,0,0
294,courtesy,禮貌,n,0,0,0
295,craft,手藝、手工藝,n,0,0,0
296,crew,全體機組人員,n,0,0,0
297,critic,評論家,n,0,0,0
298,deadline,截止時間,n,0,0,0
299,decoration,裝飾,n,0,0,0
300,deed,行為,n,0,0,0
301,defeat,挫敗,n,0,0,0
302,defense,保護、防衛,n,0,0,0
303,definition,定義,n,0,0,0
304,delegate,代表,n,0,0,0
305,delivery,遞送,n,0,0,0
306,demand,請求、強烈需求,n,0,0,0
307,departure,離開、啟程,n,0,0,0
308,deputy,代理人,n,0,0,0
309,description,描寫,n,0,0,0
310,designer,設計師,n,0,0,0
311,destruction,毀滅,n,0,0,0
312,dignity,尊嚴、尊貴,n,0,0,0
第八次,0,0,0,0,0,0
313,diploma,學位文憑,n,0,0,0
314,discipline,紀律、訓練,n,0,0,0
315,discount,折扣,n,0,0,0
316,disguise,偽裝,n,0,0,0
317,dissatisfaction,不滿,n,0,0,0
318,draft,草稿,n,0,0,0
319,dread,害怕,n,0,0,0
320,edition,發行版、版本,n,0,0,0
321,efficiency,效率,n,0,0,0
322,emergency,緊急狀況,n,0,0,0
323,employee,員工,n,0,0,0
324,employment,雇用,n,0,0,0
325,encouragement,鼓勵,n,0,0,0
326,endurance,忍受、耐力,n,0,0,0
327,entertainer,表演者、娛樂家,n,0,0,0
328,enthusiasm,熱情,n,0,0,0
329,entry,入場,n,0,0,0
330,errand,跑腿、差事,n,0,0,0
331,exchange,交換,n,0,0,0
332,excitement,興奮,n,0,0,0
333,excursion,遠足,n,0,0,0
334,executive,執行管理者,n,0,0,0
335,exhibition,展覽,n,0,0,0
336,expense,費用,n,0,0,0
337,expression,表達、表情,n,0,0,0
338,extension,延期、伸展,n,0,0,0
339,extent,長寬廣度的範圍,n,0,0,0
340,feast,盛宴,n,0,0,0
341,feedback,回饋,n,0,0,0
342,ferry,渡輪,n,0,0,0
343,file,檔案,n,0,0,0
344,glory,光榮、可誇耀的事,n,0,0,0
345,goods,貨品,n,0,0,0
346,grace,優雅、恩典,n,0,0,0
347,graduate,大學畢業生,n,0,0,0
348,gratitude,感激,n,0,0,0
349,greeting,問候,n,0,0,0
350,guidance,引導、諮詢,n,0,0,0
第九次,0,0,0,0,0,0
351,guilt,犯罪、內疚,n,0,0,0
352,harbor,港口,n,0,0,0
353,hardship,困苦,n,0,0,0
354,harmony,和諧,n,0,0,0
355,harvest,豐收,n,0,0,0
356,hassle,困難的事、困擾,n,0,0,0
357,hesitation,猶豫,n,0,0,0
358,hint,暗示,n,0,0,0
359,identity,身分,n,0,0,0
360,ignorance,無知,n,0,0,0
361,illness,生病,n,0,0,0
362,illustration,插畫、圖片,n,0,0,0
363,implication,含意、暗指,n,0,0,0
364,impression,印象,n,0,0,0
365,improvement,改善,n,0,0,0
366,incident,事件,n,0,0,0
367,independence,獨立,n,0,0,0
368,ingredient,構成的原料,n,0,0,0
369,inquiry,詢問,n,0,0,0
370,instinct,本能、直覺,n,0,0,0
371,instruction,指示、說明、教導,n,0,0,0
372,insult,侮辱,n,0,0,0
373,insurance,保險,n,0,0,0
374,intention,意圖、目的,n,0,0,0
375,interval,中場休息,n,0,0,0
376,introduction,採用、介紹,n,0,0,0
377,jealousy,嫉妒,n,0,0,0
378,labor,勞工、勞方、勞力,n,0,0,0
379,landmark,地標,n,0,0,0
380,lecture,授課、演講,n,0,0,0
381,leisure,空閒,n,0,0,0
382,load,工作量,n,0,0,0
383,location,地理位置,n,0,0,0
384,log,圓木,n,0,0,0
385,loyalty,忠誠,n,0,0,0
386,luck,運氣,n,0,0,0
387,luggage,行李,n,0,0,0
388,machinery,機器(總稱),n,0,0,0
第十次,0,0,0,0,0,0
389,management,管理,n,0,0,0
390,manufacturer,製造廠,n,0,0,0
391,maturity,成熟、完善狀態,n,0,0,0
392,membership,會員身分,n,0,0,0
393,memorandum,備忘錄,n,0,0,0
394,merit,優點、長處,n,0,0,0
395,mess,凌亂,n,0,0,0
396,mine,礦、礦坑,n,0,0,0
397,misery,悲慘、困境,n,0,0,0
398,modesty,謙遜,n,0,0,0
399,motivation,動機,n,0,0,0
400,nap,打盹、休息,n,0,0,0
401,necessity,必要性、必需品,n,0,0,0
402,negotiation,協商,n,0,0,0
403,nerve,神經、膽量,n,0,0,0
404,network,網路,n,0,0,0
405,objection,反對,n,0,0,0
406,objective,目標,n,0,0,0
407,occupation,消遣、職業,n,0,0,0
408,offense,犯錯、觸怒,n,0,0,0
409,opponent,對手,n,0,0,0
410,output,輸出、產量,n,0,0,0
411,ownership,擁有權,n,0,0,0
412,panel,儀錶板、小組,n,0,0,0
413,parking,停車,n,0,0,0
414,parliament,國會、國會議員,n,0,0,0
415,participant,參加者,n,0,0,0
416,passage,通道、走廊,n,0,0,0
417,passion,熱情,n,0,0,0
418,passport,護照,n,0,0,0
419,performance,表演、演出,n,0,0,0
420,permission,同意、允許,n,0,0,0
421,personality,個性,n,0,0,0
422,persuasion,說服、說服力,n,0,0,0
423,philosophy,哲學,n,0,0,0
424,photography,攝影,n,0,0,0
第十一次,0,0,0,0,0,0
425,postage,郵資,n,0,0,0
426,preparation,準備,n,0,0,0
427,presence,出席、在場,n,0,0,0
428,pressure,壓力,n,0,0,0
429,preview,預先審查、預習,n,0,0,0
430,privacy,隱私,n,0,0,0
431,privilege,特權,n,0,0,0
432,procedure,程序,n,0,0,0
433,process,過程,n,0,0,0
434,profession,專業職業,n,0,0,0
435,profit,利潤,n,0,0,0
436,promotion,晉升,n,0,0,0
437,proposal,建議、求婚,n,0,0,0
438,prospect,指望、前景,n,0,0,0
439,prosperity,繁榮,n,0,0,0
440,publication,出版,n,0,0,0
441,publicity,宣傳,n,0,0,0
442,pursuit,追尋,n,0,0,0
443,qualification,資格、條件,n,0,0,0
444,receipt,收據,n,0,0,0
445,reception,接待、歡迎會,n,0,0,0
446,refusal,拒絕,n,0,0,0
447,registration,註冊,n,0,0,0
448,regulation,規定,n,0,0,0
449,rehearsal,彩排,n,0,0,0
450,relaxation,放鬆、放寬,n,0,0,0
451,relief,減輕、緩和,n,0,0,0
452,remark,言論、評論,n,0,0,0
453,reminder,提示,n,0,0,0
454,repetition,重複,n,0,0,0
455,representation,代理權、代理機構,n,0,0,0
456,reputation,名聲,n,0,0,0
457,request,要求,n,0,0,0
458,requirement,必要條件、必需品,n,0,0,0
459,resignation,辭職、辭職信,n,0,0,0
460,responsibility,責任,n,0,0,0
461,restriction,限定、約束,n,0,0,0
462,retreat,撤退、退隱處,n,0,0,0
第十二次,0,0,0,0,0,0
463,revision,修訂,n,0,0,0
464,routine,例行工作、常規,n,0,0,0
465,rumor,謠言、傳說,n,0,0,0
466,salary,薪水,n,0,0,0
467,sanction,制裁、懲罰,n,0,0,0
468,satisfaction,滿足,n,0,0,0
469,schedule,工作行程,n,0,0,0
470,scheme,計畫、方案,n,0,0,0
471,security,安全性,n,0,0,0
472,selection,選擇,n,0,0,0
473,session,會期、時間,n,0,0,0
474,settlement,定居、解決,n,0,0,0
475,shortcoming,弱點、缺點,n,0,0,0
476,signature,簽名,n,0,0,0
477,situation,處境、情勢,n,0,0,0
478,spite,惡意,n,0,0,0
479,strategy,策略,n,0,0,0
480,strength,力量、長處,n,0,0,0
481,substitute,替代,n,0,0,0
482,suburb,郊區,n,0,0,0
483,suggestion,建議,n,0,0,0
484,summary,概述、總結,n,0,0,0
485,summit,高峰、頂點,n,0,0,0
486,surroundings,環境、周遭,n,0,0,0
487,suspension,懸吊、停職,n,0,0,0
488,suspicion,懷疑,n,0,0,0
489,temper,脾氣,n,0,0,0
490,tendency,傾向、趨勢,n,0,0,0
491,tension,緊張,n,0,0,0
492,theme,主題,n,0,0,0
493,threat,威脅,n,0,0,0
494,tolerance,寬容、忍耐,n,0,0,0
495,trademark,商標、特徵 ,n,0,0,0
496,translation,翻譯,n,0,0,0
497,treaty,協定,n,0,0,0
498,trend,趨勢,n,0,0,0
499,virus,病毒,n,0,0,0
500,welfare,幸福、福利,n,0,0,0
501,wisdom,智慧,n,0,0,0
502,wit,機智,n,0,0,0
第十三次,0,0,0,0,0,0
503,acceptance,認同、接受,n,0,0,0
504,accommodation,住處、住宿問題,n,0,0,0
505,account,帳戶、帳目,n,0,0,0
506,agreement,同意、協議,n,0,0,0
507,agriculture,農業,n,0,0,0
508,alternative,選擇性,n,0,0,0
509,ambassador,大使,n,0,0,0
510,announcement,宣布、通告,n,0,0,0
511,appeal,懇求、吸引力,n,0,0,0
512,approval,同意,n,0,0,0
513,architecture,建築學、建築,n,0,0,0
514,aspect,層面,n,0,0,0
515,asset,資產,n,0,0,0
516,assurance,保證、確認,n,0,0,0
517,attempt,嘗試,n,0,0,0
518,authority,權威、當局,n,0,0,0
519,background,背景、幕後,n,0,0,0
520,balance,均衡,n,0,0,0
521,barrier,障礙,n,0,0,0
522,benefit,利益、好處,n,0,0,0
523,biography,自傳,n,0,0,0
524,bloom,花開,n,0,0,0
525,border,邊界,n,0,0,0
526,burden,負擔,n,0,0,0
527,candidate,候選人、應試者,n,0,0,0
528,capacity,容量、能力,n,0,0,0
529,capital,資金、首都,n,0,0,0
530,casualty,死傷,n,0,0,0
531,championship,冠軍頭銜,n,0,0,0
532,charity,慈善事業、慈善機構,n,0,0,0
533,colony,殖民地、僑居地,n,0,0,0
534,column,專欄、石柱,n,0,0,0
535,comparison,比較,n,0,0,0
536,competition,競爭性、競爭,n,0,0,0
537,connection,關聯,n,0,0,0
538,conscience,良心,n,0,0,0
539,consequence,結果,n,0,0,0
540,contrast,對比、對照,n,0,0,0
第十四次,0,0,0,0,0,0
541,contribution,貢獻、捐獻,n,0,0,0
542,crash,撞車、失事,n,0,0,0
543,credit,信用,n,0,0,0
544,dairy,乳品業、乳品店,n,0,0,0
545,declaration,申報、宣布,n,0,0,0
546,deposit,存款、押金,n,0,0,0
547,depression,蕭條、沮喪、憂鬱,n,0,0,0
548,depth,深度、深處,n,0,0,0
549,development,發展,n,0,0,0
550,disadvantage,缺點,n,0,0,0
551,disappointment,失望,n,0,0,0
552,disaster,災難,n,0,0,0
553,disorder,失序、混亂,n,0,0,0
554,distribution,分配,n,0,0,0
555,disturbance,干擾、騷動,n,0,0,0
556,drought,乾旱,n,0,0,0
557,economy,經濟,n,0,0,0
558,emphasis,強調、重點,n,0,0,0
559,enlargement,擴大、放大照片,n,0,0,0
560,enterprise,企業、組織,n,0,0,0
561,equality,平等,n,0,0,0
562,expansion,增加、擴展,n,0,0,0
563,expectation,期待,n,0,0,0
564,finance,財政、金融,n,0,0,0
565,forecast,預告,n,0,0,0
566,formation,形成、結構,n,0,0,0
567,formula,公式,n,0,0,0
568,fund,基金、資金,n,0,0,0
569,gap,裂口、隔閡,n,0,0,0
570,generosity,慷慨,n,0,0,0
571,glimpse,匆匆一眼,n,0,0,0
572,global,球體、地球,n,0,0,0
573,handicap,殘障,n,0,0,0
574,hatred,仇恨,n,0,0,0
575,headline,標題、頭條,n,0,0,0
576,horizon,地平線,n,0,0,0
577,hostage,人質,n,0,0,0
578,humanity,人道、人類(總稱),n,0,0,0
579,hurricane,颶風,n,0,0,0
580,immigration,移民(移入),n,0,0,0
第十五次,0,0,0,0,0,0
581,impact,衝擊、影響,n,0,0,0
582,indication,顯示、指出,n,0,0,0
583,inhabitant,居民,n,0,0,0
584,innocence,無辜,n,0,0,0
585,invasion,侵犯、侵略,n,0,0,0
586,investment,投資,n,0,0,0
587,isolation,孤立,n,0,0,0
588,issue,話題、議題,n,0,0,0
589,judgment,判斷,n,0,0,0
590,justice,公平、正義,n,0,0,0
591,literature,文學,n,0,0,0
592,luxury,奢華、奢侈品,n,0,0,0
593,majority,多數,n,0,0,0
594,mansion,豪宅,n,0,0,0
595,medal,獎章,n,0,0,0
596,metro,捷運系統,n,0,0,0
597,miracle,奇蹟,n,0,0,0
598,murder,謀殺案,n,0,0,0
599,nationality,國籍,n,0,0,0
600,option,選擇,n,0,0,0
601,orphanage,孤兒院,n,0,0,0
602,outcome,結果,n,0,0,0
603,panic,驚慌,n,0,0,0
604,penalty,處罰,n,0,0,0
605,percent,百分比,n,0,0,0
606,perfection,完美,n,0,0,0
607,politics,政治,n,0,0,0
608,possession,擁有、財產,n,0,0,0
609,possibility,可能性,n,0,0,0
610,poverty,貧窮,n,0,0,0
611,prevention,預防,n,0,0,0
612,property,房產、財產,n,0,0,0
613,proportion,比例、部分,n,0,0,0
614,protest,抗議,n,0,0,0
615,quantity,數量,n,0,0,0
616,queue,隊伍,n,0,0,0
617,railway,鐵路,n,0,0,0
618,rate,比例、比率,n,0,0,0
第十六次,0,0,0,0,0,0
619,recession,衰退,n,0,0,0
620,recovery,恢復、復甦,n,0,0,0
621,reduction,減少、刪減,n,0,0,0
622,reform,改革、改良,n,0,0,0
623,rescue,營救,n,0,0,0
624,reservation,預定、保護區,n,0,0,0
625,residence,居住、住宅、官邸,n,0,0,0
626,risk,危險性,n,0,0,0
627,sentence,句子,n,0,0,0
628,separation,分離、分居,n,0,0,0
629,shortage,短缺,n,0,0,0
630,signal,交通號誌、信號,n,0,0,0
631,significance,重要性,n,0,0,0
632,similarity,相似性,n,0,0,0
633,skyscraper,摩天大樓,n,0,0,0
634,starvation,飢餓,n,0,0,0
635,state,狀況、(美國的)州,n,0,0,0
636,stock,股票、存貨,n,0,0,0
637,structure,結構,n,0,0,0
638,suffering,痛苦、折磨,n,0,0,0
639,supporter,支持者、擁護者,n,0,0,0
640,sympathy,同情心,n,0,0,0
641,territory,領土,n,0,0,0
642,tourism,觀光業,n,0,0,0
643,transfer,轉移,n,0,0,0
644,transportation,交通運輸,n,0,0,0
645,triumph,勝利,n,0,0,0
646,variety,多元、多樣性,n,0,0,0
647,vehicle,交通工具,n,0,0,0
648,venture,商業冒險,n,0,0,0
649,victim,罹難者、受害者,n,0,0,0
650,violation,違反,n,0,0,0
651,violence,暴力,n,0,0,0
652,volunteer,志願者、志工,n,0,0,0
653,wealth,財富,n,0,0,0
654,zone,地帶、地區,n,0,0,0
第十七次,0,0,0,0,0,0
655,academy,學院、藝術院,n,0,0,0
656,accuracy,正確性,n,0,0,0
657,admiration,羨慕、讚賞,n,0,0,0
658,altitude,態度,n,0,0,0
659,analysis,分析,n,0,0,0
660,angle,角度、觀點,n,0,0,0
661,anxiety,焦慮,n,0,0,0
662,approach,方法、靠近,n,0,0,0
663,arithmetic,算數,n,0,0,0
664,astronaut,太空人,n,0,0,0
665,automobile,汽車,n,0,0,0
666,award,獎項、獎金,n,0,0,0
667,bacteria,細菌(複),n,0,0,0
668,brake,煞車,n,0,0,0
669,celebration,慶祝、慶祝活動,n,0,0,0
670,challenge,挑戰,n,0,0,0
671,champion,捍衛者、冠軍得主,n,0,0,0
672,characteristic,特色、特徵,n,0,0,0
673,chemistry,化學,n,0,0,0
674,cinema,電影、電影業,n,0,0,0
675,circulation,循環、流通,n,0,0,0
676,circumstance,情勢、條件,n,0,0,0
677,civilization,文明,n,0,0,0
678,classification,分類,n,0,0,0
679,combination,結合,n,0,0,0
680,composition,作品、作文,n,0,0,0
681,comprehension,理解力,n,0,0,0
682,concentration,專心、注意力,n,0,0,0
683,concept,概念、想法,n,0,0,0
684,conclusion,結論,n,0,0,0
685,condition,狀況、條件,n,0,0,0
686,content,內容、包含的東西,n,0,0,0
687,convenience,方便性、便利,n,0,0,0
688,creation,創造、創立,n,0,0,0
689,creature,生物,n,0,0,0
690,cruelty,殘忍,n,0,0,0
691,curiosity,好奇心,n,0,0,0
第十八次,0,0,0,0,0,0
692,cycle,循環、週期,n,0,0,0
693,delight,愉快,n,0,0,0
694,demonstration,示範,n,0,0,0
695,despair,失望,n,0,0,0
696,destination,目的地,n,0,0,0
697,detail,細節,n,0,0,0
698,determination,決心、決定,n,0,0,0
699,device,設備、裝置,n,0,0,0
700,devotion,投入、奉獻,n,0,0,0
701,digestion,消化,n,0,0,0
702,discovery,發現,n,0,0,0
703,disease,疾病,n,0,0,0
704,distinction,區別、不同,n,0,0,0
705,earthquake,地震,n,0,0,0
706,electricity,電、電力,n,0,0,0
707,evidence,證據,n,0,0,0
708,evolution,演化、進步,n,0,0,0
709,excellence,優秀、傑出表現,n,0,0,0
710,exception,例外,n,0,0,0
711,existence,存在,n,0,0,0
712,experiment,實驗,n,0,0,0
713,explanation,解釋,n,0,0,0
714,explosion,爆炸,n,0,0,0
715,exposure,曝露、接觸,n,0,0,0
716,facility,設備,n,0,0,0
717,factor,因素,n,0,0,0
718,faith,信心、信任,n,0,0,0
719,fame,名聲,n,0,0,0
720,feature,特色,n,0,0,0
721,fiction,小說,n,0,0,0
722,fortune,財產,n,0,0,0
723,foundation,基礎,n,0,0,0
724,frequency,頻率,n,0,0,0
725,gene,基因,n,0,0,0
726,gravity,重力、地心引力,n,0,0,0
第十九次,0,0,0,0,0,0
727,greenhouse,溫室,n,0,0,0
728,harm,傷害,n,0,0,0
729,honor,榮耀,n,0,0,0
730,identification,認出、識別,n,0,0,0
731,imagination,想像力,n,0,0,0
732,imitation,模仿,n,0,0,0
733,infection,感染,n,0,0,0
734,inference,推論,n,0,0,0
735,injection,注射,n,0,0,0
736,inspiration,靈感,n,0,0,0
737,institution,制度、機構,n,0,0,0
738,intelligence,聰明,n,0,0,0
739,interference,干涉,n,0,0,0
740,interpretation,詮釋、解釋,n,0,0,0
741,invention,發明,n,0,0,0
742,label,標籤,n,0,0,0
743,laboratory,實驗室,n,0,0,0
744,landslide,土石流,n,0,0,0
745,latitude,緯度,n,0,0,0
746,legend,傳說、傳奇故事,n,0,0,0
747,limitation,限定、限制,n,0,0,0
748,logic,邏輯,n,0,0,0
749,margin,空白處,n,0,0,0
750,mineral,礦物質,n,0,0,0
751,missile,飛彈,n,0,0,0
752,mission,任務,n,0,0,0
753,mixture,混合物,n,0,0,0
754,moisture,濕度、濕氣,n,0,0,0
755,mystery,神秘,n,0,0,0
756,nutrient,養分、營養的東西,n,0,0,0
757,observation,觀察,n,0,0,0
758,obstacle,困難、障礙,n,0,0,0
759,occasion,場合,n,0,0,0
760,orbit,軌道,n,0,0,0
761,organ,器官,n,0,0,0
762,origin,起源,n,0,0,0
763,phenomenon,現象,n,0,0,0
764,physician,內科醫生,n,0,0,0
765,pioneer,拓荒者,n,0,0,0
第二十次,0,0,0,0,0,0
766,prediction,預告、預知,n,0,0,0
767,pride,驕傲,n,0,0,0
768,proof,證據,n,0,0,0
769,psychology,心理學,n,0,0,0
770,quarrel,爭吵,n,0,0,0
771,radiation,輻射線,n,0,0,0
772,reaction,反應,n,0,0,0
773,recognition,認同、辨認,n,0,0,0
774,reference,參考,n,0,0,0
775,reflection,深思、反射,n,0,0,0
776,relation,關係,n,0,0,0
777,remedy,治療,n,0,0,0
778,research,研究,n,0,0,0
779,resistance,對抗,n,0,0,0
780,resolution,決心,n,0,0,0
781,resource,資源,n,0,0,0
782,response,回應,n,0,0,0
783,revolution,革命,n,0,0,0
784,reward,酬金,n,0,0,0
785,satellite,衛星,n,0,0,0
786,scholar,學者,n,0,0,0
787,series,系列,n,0,0,0
788,species,物種,n,0,0,0
789,spectator,觀眾、旁觀者,n,0,0,0
790,submarine,潛水艇,n,0,0,0
791,substance,材料、材質,n,0,0,0
792,surgeon,外科醫生,n,0,0,0
793,survey,調查,n,0,0,0
794,survival,存活、倖存,n,0,0,0
795,symptom,症狀,n,0,0,0
796,technique,技術、技巧,n,0,0,0
797,technology,科技、工業技術,n,0,0,0
798,theory,理論,n,0,0,0
799,therapy,療法,n,0,0,0
第二十一次,0,0,0,0,0,0
800,tragedy,悲劇、災難,n,0,0,0
801,transplant,移植,n,0,0,0
802,version,版本,n,0,0,0
803,vessel,船、艦,n,0,0,0
804,vision,眼光、願景,n,0,0,0
805,volcano,火山,n,0,0,0
806,warfare,戰爭,n,0,0,0
807,warning,警告,n,0,0,0
808,wildlife,野生動物,n,0,0,0
809,will,意志、遺囑,n,0,0,0
810,witness,目擊證人,n,0,0,0
811,abandon,放棄、拋棄,vt,0,0,0
812,absorb,吸收,vt,0,0,0
813,accommodate,供宿、容納,vt,0,0,0
814,accompany,陪伴、伴奏,vt,0,0,0
815,accomplish,完成,vt,0,0,0
816,accuse,指控,vt,0,0,0
817,acquaint,使熟悉,vt,0,0,0
818,acquire,取得,vt,0,0,0
819,afford,負擔得起,vt,0,0,0
820,alert,警告,vt,0,0,0
821,amaze,使驚訝,vt,0,0,0
822,amuse,取悅,vt,0,0,0
823,analyze,分析,vt,0,0,0
824,assassinate,行刺暗殺,vt,0,0,0
825,assign,指派,vt,0,0,0
826,assure,保證,vt,0,0,0
827,ban,禁止,vt,0,0,0
828,bless,保佑,vt,0,0,0
829,bore,使感到無聊,vt,0,0,0
830,boycott,杯葛、拒絕參加、抵制,vt,0,0,0
831,bury,埋葬,vt,0,0,0
832,capture,捕獲,vt,0,0,0
833,cherish,珍惜,vt,0,0,0
第二十二次,0,0,0,0,0,0
834,classify,分類,vt,0,0,0
835,clothe,提供…穿的,vt,0,0,0
836,commit,犯(罪)、做(錯),vt,0,0,0
837,complicate,使複雜,vt,0,0,0
838,conceal,隱藏,vt,0,0,0
839,confront,面臨,vt,0,0,0
840,congratulate,恭喜、恭賀,vt,0,0,0
841,construct,建構,vt,0,0,0
842,convey,傳達,vt,0,0,0
843,convince,說服,vt,0,0,0
844,cultivate,種植、栽培,vt,0,0,0
845,define,下定義,vt,0,0,0
846,delete,刪除,vt,0,0,0
847,depress,使沮喪,vt,0,0,0
848,destroy,破壞,vt,0,0,0
849,detect,察覺,vt,0,0,0
850,devise,巧妙設計,vt,0,0,0
851,devote,貢獻給,vt,0,0,0
852,disappoint,使失望,vt,0,0,0
853,discourage,使沮喪,vt,0,0,0
854,disgust,使厭惡,vt,0,0,0
855,dismiss,解職,vt,0,0,0
856,display,陳列,vt,0,0,0
857,distribute,分布,vt,0,0,0
858,edit,編輯,vt,0,0,0
859,educate,教育,vt,0,0,0
860,eliminate,消除、排除,vt,0,0,0
861,enable,使能夠,vt,0,0,0
862,enclose,附上、放入,vt,0,0,0
863,endanger,使遭受危險,vt,0,0,0
864,enforce,強制執行,vt,0,0,0
865,enhance,加強,vt,0,0,0
866,ensure,確保,vt,0,0,0
867,entitle,給…提名,vt,0,0,0
868,equip,使有能力、具備,vt,0,0,0
869,establish,建立,vt,0,0,0
870,evaluate,評估,vt,0,0,0
871,exploit,充分利用,vt,0,0,0
第二十三次,0,0,0,0,0,0
872,expose,揭發、露出,vt,0,0,0
873,flatter,奉承,vt,0,0,0
874,forbid,禁止,vt,0,0,0
875,foresee,預見,vt,0,0,0
876,frustrate,使挫折,vt,0,0,0
877,fulfill,實現,vt,0,0,0
878,furnish,給(房間)配置,vt,0,0,0
879,grant,授予,vt,0,0,0
880,guarantee,保證,vt,0,0,0
881,horrify,使恐懼,vt,0,0,0
882,illustrate,插入插圖,vt,0,0,0
883,imitate,模仿,vt,0,0,0
884,implement,實施,vt,0,0,0
885,imply,暗示,vt,0,0,0
886,impress,使印象深刻,vt,0,0,0
887,infect,傳染,vt,0,0,0
888,inject,注射,vt,0,0,0
889,injure,受傷,vt,0,0,0
890,insert,插入,vt,0,0,0
891,install,安裝,vt,0,0,0
892,instruct,指導,vt,0,0,0
893,intend,打算,vt,0,0,0
894,involve,使捲入,vt,0,0,0
895,kidnap,綁架,vt,0,0,0
896,liberate,使自由,vt,0,0,0
897,memorize,熟記,vt,0,0,0
898,mention,提及,vt,0,0,0
899,mislead,帶錯方向,vt,0,0,0
900,misunderstand,誤解,vt,0,0,0
901,motivate,起發動機,vt,0,0,0
902,neglect,忽視,vt,0,0,0
903,nourish,滋養,vt,0,0,0
904,occupy,佔據,vt,0,0,0
905,outline,描繪,vt,0,0,0
906,overlook,俯瞰,vt,0,0,0
907,overtake,超車,vt,0,0,0
908,overthrow,推翻,vt,0,0,0
第二十四次,0,0,0,0,0,0
909,pave,鋪路,vt,0,0,0
910,portray,描繪,vt,0,0,0
911,possess,擁有,vt,0,0,0
912,preserve,保存,vt,0,0,0
913,promote,晉升,vt,0,0,0
914,regulate,使規律,vt,0,0,0
915,release,釋放、放開,vt,0,0,0
916,relieve,減緩、緩和,vt,0,0,0
917,replace,取代,vt,0,0,0
918,resemble,看起來像,vt,0,0,0
919,restore,修復,vt,0,0,0
920,restrict,限制,vt,0,0,0
921,retain,保留,vt,0,0,0
922,reveal,揭露,vt,0,0,0
923,rid,除去,vt,0,0,0
924,simplify,簡化,vt,0,0,0
925,sponsor,贊助,vt,0,0,0
926,surround,包圍,vt,0,0,0
927,terrify,使驚嚇,vt,0,0,0
928,tolerate,容忍,vt,0,0,0
929,undertake,承擔,vt,0,0,0
930,violate,違反,vt,0,0,0
931,arise,起床,vi,0,0,0
932,compete,競爭,vi,0,0,0
933,consist,組成、構成、存在於,vi,0,0,0
934,converse,交談,vi,0,0,0
935,cooperate,合作,vi,0,0,0
936,correspond,符合,vi,0,0,0
937,creep,緩慢移動,vi,0,0,0
938,differ,不同於,vi,0,0,0
939,disagree,不同意,vi,0,0,0
940,dive,暴跌,vi,0,0,0
941,emerge,浮現,vi,0,0,0
942,gaze,凝視,vi,0,0,0
943,glow,發光,vi,0,0,0
944,interact,互動,vi,0,0,0
945,interfere,干涉,vi,0,0,0
946,kneel,跪,vi,0,0,0
947,long,期盼,vi,0,0,0
948,pine,憔悴,vi,0,0,0
949,proceed,著手進行,vi,0,0,0
950,rely,依靠,vi,0,0,0
951,remain,維持、仍然是,vi,0,0,0
952,sneeze,打噴嚏,vi,0,0,0
953,sunbathe,曬太陽,vi,0,0,0
第二十五次,0,0,0,0,0,0
954,sympathize,同情、理解,vi,0,0,0
955,tend,傾向、易於,vi,0,0,0
956,tiptoe,踮著腳走,vi,0,0,0
957,tremble,發抖,vi,0,0,0
958,accord,調解,v,0,0,0
959,adapt,適應,v,0,0,0
960,accompany,陪伴、伴奏,v,0,0,0
961,adjust,調整,v,0,0,0
962,advertize,登廣告、廣告,v,0,0,0
963,announce,宣布,v,0,0,0
964,annoy,煩擾,v,0,0,0
965,applaud,鼓掌、喝采,v,0,0,0
966,appoint,指定、指派,v,0,0,0
967,approve,同意,v,0,0,0
968,arouse,喚起、激起,v,0,0,0
969,ascend,登上,v,0,0,0
970,assemble,集合、裝配,v,0,0,0
971,assist,幫忙,v,0,0,0
972,associate,聯想、有關連,v,0,0,0
973,attach,附上,v,0,0,0
974,attract,吸引,v,0,0,0
975,await,等候,v,0,0,0
976,awaken,喚醒、醒來,v,0,0,0
977,beg,請求,v,0,0,0
978,bend,彎下,v,0,0,0
979,bleed,流血,v,0,0,0
980,blend,混合、融合,v,0,0,0
981,blink,閃爍、眨眼,v,0,0,0
982,blush,臉紅,v,0,0,0
983,boast,吹噓,v,0,0,0
984,bounce,彈起,v,0,0,0
985,breathe,呼吸,v,0,0,0
第二十六次,0,0,0,0,0,0
986,browse,瀏覽,v,0,0,0
987,bump,撞擊,v,0,0,0
988,calculate,計算,v,0,0,0
989,carve,雕刻,v,0,0,0
990,cast,擲、拋、扔、撒,v,0,0,0
991,cease,停止,v,0,0,0
992,chat,聊天,v,0,0,0
993,chew,咀嚼,v,0,0,0
994,chop,砍、劈柴,v,0,0,0
995,circulate,使循環,v,0,0,0
996,civilize,教養、使文明,v,0,0,0
997,clarify,闡明,v,0,0,0
998,collapse,崩塌,v,0,0,0
999,combine,結合,v,0,0,0
1000,communicate,溝通,v,0,0,0
1001,compose,作曲、構成,v,0,0,0
1002,concentrate,專注、集中,v,0,0,0
1003,conclude,下結論、結束,v,0,0,0
1004,conduct,指揮,v,0,0,0
1005,confess,承認、坦白,v,0,0,0
1006,confine,侷限範圍、集中,v,0,0,0
1007,connect,聯繫、連結,v,0,0,0
1008,conquer,征服、克服,v,0,0,0
1009,consult,詢問、諮詢,v,0,0,0
1010,consume,消耗、耗盡,v,0,0,0
1011,contribute,貢獻、捐獻,v,0,0,0
1012,cope,處理,v,0,0,0
1013,cram,塞滿,v,0,0,0
1014,criticize,批評,v,0,0,0
1015,crush,擠壓,v,0,0,0
1016,dash,猛衝、急跑,v,0,0,0
1017,decay,腐敗,v,0,0,0
1018,deceive,欺騙,v,0,0,0
1019,declare,宣布、申報,v,0,0,0
1020,decline,拒絕、下跌,v,0,0,0
1021,defend,防禦、保護,v,0,0,0
1022,demonstrate,示範、顯示、說明,v,0,0,0
1023,depart,啟程,v,0,0,0
1024,deserve,值得、應得,v,0,0,0
1025,dictate,口述、命令、規定,v,0,0,0
第二十七次,0,0,0,0,0,0
1026,digest,消化,v,0,0,0
1027,disapprove,不同意,v,0,0,0
1028,discard,拋棄、丟掉,v,0,0,0
1029,dispute,爭論,v,0,0,0
1030,dissolve,融化,v,0,0,0
1031,distinguish,分辨,v,0,0,0
1032,disturb,打擾,v,0,0,0
1033,donate,捐贈,v,0,0,0
1034,dominate,支配、控制,v,0,0,0
1035,doze,打盹,v,0,0,0
1036,drift,漂流、遊蕩,v,0,0,0
1037,drown,淹沒,v,0,0,0
1038,dump,傾倒、拋棄,v,0,0,0
1039,ease,減緩、使舒適,v,0,0,0
1040,encounter,遇見、遭遇,v,0,0,0
1041,endure,忍耐,v,0,0,0
1042,engage,使訂婚、使忙於,v,0,0,0
1043,enlarge,擴大,v,0,0,0
1044,enroll,登記、註冊,v,0,0,0
1045,entertain,娛樂、取悅,v,0,0,0
1046,escape,逃跑,v,0,0,0
1047,estimate,評估、估計、估價,v,0,0,0
1048,evolve,演化、慢慢形成,v,0,0,0
1049,exaggerate,誇張,v,0,0,0
1050,exclaim,大聲說出、大聲喊出,v,0,0,0
1051,exhaust,耗盡、使精疲力竭,v,0,0,0
1052,exhibit,展覽,v,0,0,0
1053,expand,展開、擴展、增長,v,0,0,0
1054,explode,爆炸,v,0,0,0
1055,explore,探索,v,0,0,0
第二十八次,0,0,0,0,0,0
1056,extend,延長(時間),v,0,0,0
1057,fade,褪色、凋謝,v,0,0,0
1058,fascinate,著迷、使著迷,v,0,0,0
1059,fasten,繫緊,v,0,0,0
1060,flush,(馬桶)沖水,v,0,0,0
1061,fold,摺疊、對折,v,0,0,0
1062,found,創立、設立,v,0,0,0
1063,freeze,結冰、結凍,v,0,0,0
1064,frown,皺眉,v,0,0,0
1065,gamble,賭博,v,0,0,0
1066,glance,瞥見,v,0,0,0
1067,govern,管理、統治,v,0,0,0
1068,grab,匆匆做完、抓取,v,0,0,0
1069,grieve,悲傷,v,0,0,0
1070,grind,磨碎、磨成粉,v,0,0,0
1071,harden,使變堅強,v,0,0,0
1072,hatch,孵化,v,0,0,0
1073,heal,治療、恢復,v,0,0,0
1074,hesitate,猶豫,v,0,0,0
1075,hijack,劫機,v,0,0,0
1076,hug,擁抱,v,0,0,0
1077,hum,哼唱,v,0,0,0
1078,hush,使安靜、安靜下來,v,0,0,0
1079,identify,確認、認同、識別,v,0,0,0
1080,impose,加諸於,v,0,0,0
1081,industrialize,工業化,v,0,0,0
1082,infer,推斷、推論,v,0,0,0
1083,inform,通知,v,0,0,0
1084,inherit,繼承,v,0,0,0
1085,inquire,詢問,v,0,0,0
1086,inspect,檢查,v,0,0,0
1087,interpret,詮釋,v,0,0,0
1088,intrude,侵入、打擾,v,0,0,0
1089,invest,投資,v,0,0,0
1090,isolate,使孤立、隔離,v,0,0,0
1091,jam,擠滿、塞住,v,0,0,0
1092,knit,編織、聯合,v,0,0,0
1093,launch,推出,v,0,0,0
1094,last,持續,v,0,0,0
第二十九次,0,0,0,0,0,0
1095,leak,漏,v,0,0,0
1096,lean,傾斜,v,0,0,0
1097,leap,跳躍,v,0,0,0
1098,lengthen,使變長、變長,v,0,0,0
1099,lighten,使變亮、使減輕,v,0,0,0
1100,locate,座落於、找出位置,v,0,0,0
1101,loosen,放鬆、解開,v,0,0,0
1102,lower,降低,v,0,0,0
1103,manage,管理,v,0,0,0
1104,manufacture,大量製造,v,0,0,0
1105,melt,融化、熔化,v,0,0,0
1106,mend,修補,v,0,0,0
1107,monitor,監控,v,0,0,0
1108,mow,割草,v,0,0,0
1109,multiply,使相乘、倍增,v,0,0,0
1110,negotiate,協商,v,0,0,0
1111,observe,觀察,v,0,0,0
1112,obtain,獲得,v,0,0,0
1113,offend,冒犯,v,0,0,0
1114,oppose,反對,v,0,0,0
1115,overcome,克服,v,0,0,0
1116,overflow,溢出,v,0,0,0
1117,part,分開、分離,v,0,0,0
1118,participate,參與,v,0,0,0
1119,perform,表現、表演、演出,v,0,0,0
1120,permit,允許,v,0,0,0
1121,persist,堅持、持續,v,0,0,0
1122,persuade,說服,v,0,0,0
1123,postpone,延後、耽擱、延期,v,0,0,0
1124,pour,倒入、湧入,v,0,0,0
1125,practice,練習、實施,v,0,0,0
1126,predict,預言,v,0,0,0
1127,pretend,假裝,v,0,0,0
1128,prevent,預防,v,0,0,0
1129,prompt,引起、激發,v,0,0,0
1130,publish,出版、刊登,v,0,0,0
1131,pursue,追求、追尋、追趕,v,0,0,0
1132,qualify,取得資格、使具有資格,v,0,0,0
1133,react,反應,v,0,0,0
1134,recall,回想、召回,v,0,0,0
第三十次,0,0,0,0,0,0
1135,recite,背誦,v,0,0,0
1136,recognize,認出,v,0,0,0
1137,recommend,推薦,v,0,0,0
1138,reduce,降低、減少,v,0,0,0
1139,refer,交付、參考,v,0,0,0
1140,reflect,反射,v,0,0,0
1141,refresh,使重新提起精神,v,0,0,0
1142,register,註冊、登記,v,0,0,0
1143,rehearse,彩排、演練,v,0,0,0
1144,relate,相關、符合、使有聯繫,v,0,0,0
1145,relax,放輕鬆,v,0,0,0
1146,remove,移除,v,0,0,0
1147,renew,更新,v,0,0,0
1148,represent,象徵、代表,v,0,0,0
1149,resign,辭職,v,0,0,0
1150,resist,抵抗,v,0,0,0
1151,resolve,解決、決定,v,0,0,0
1152,respond,回應、回信,v,0,0,0
1153,retire,使退休、退休,v,0,0,0
1154,reunite,團聚、團結,v,0,0,0
1155,rhyme,押韻,v,0,0,0
1156,sacrifice,犧牲,v,0,0,0
1157,scare,使人驚嚇、驚嚇,v,0,0,0
1158,scold,責備、叨唸,v,0,0,0
1159,scratch,抓、搔、劃破,v,0,0,0
1160,scream,尖叫、放聲大哭,v,0,0,0
1161,seal,蓋章、密封,v,0,0,0
1162,secure,使安全,v,0,0,0
1163,seize,捉住,v,0,0,0
1164,settle,安頓、使平靜,v,0,0,0
1165,sharpen,加劇、使變尖銳,v,0,0,0
1166,shave,剃(鬍子)、刮毛,v,0,0,0
1167,shift,轉變,v,0,0,0
1168,shrink,縮小、減少,v,0,0,0
1169,skim,瀏覽,v,0,0,0
1170,sparkle,閃耀、發光,v,0,0,0
1171,spill,濺灑,v,0,0,0
1172,split,使分離、分裂,v,0,0,0
1173,spoil,(食物)腐敗、寵壞,v,0,0,0
1174,squeeze,用力擠、壓榨,v,0,0,0
第三十一次,0,0,0,0,0,0
1175,stare,凝視,v,0,0,0
1176,starve,餓、飢餓,v,0,0,0
1177,steer,掌舵、駕駛,v,0,0,0
1178,stimulate,刺激、激勵,v,0,0,0
1179,strengthen,強化,v,0,0,0
1180,stretch,延伸、展開,v,0,0,0
1181,subtract,減掉,v,0,0,0
1182,suffer,受苦,v,0,0,0
1183,summarize,作總結,v,0,0,0
1184,suppose,認為、猜想,v,0,0,0
1185,surrender,投降,v,0,0,0
1186,suspect,懷疑,v,0,0,0
1187,suspend,擱置、暫停,v,0,0,0
1188,swear,發誓,v,0,0,0
1189,switch,改變、轉換,v,0,0,0
1190,symbolize,象徵、代表,v,0,0,0
1191,threaten,威脅,v,0,0,0
1192,tighten,使變緊,v,0,0,0
1193,tire,使疲倦,v,0,0,0
1194,toss,扔、擲,v,0,0,0
1195,transform,變換,v,0,0,0
1196,translate,翻譯,v,0,0,0
1197,tumble,跌倒、滾落,v,0,0,0
1198,twinkle,閃耀,v,0,0,0
1199,twist,扭轉,v,0,0,0
1200,unite,團結、聯合,v,0,0,0
1201,urge,力勸、極力主張,v,0,0,0
1202,vanish,消失、絕跡,v,0,0,0
1203,vary,變化、使不同,v,0,0,0
1204,wander,漫步、閒晃,v,0,0,0
1205,warn,警告,v,0,0,0
1206,weave,編織,v,0,0,0
1207,weigh,秤重,v,0,0,0
1208,whisper,低語,v,0,0,0
1209,whistle,吹口哨,v,0,0,0
1210,wipe,擦拭,v,0,0,0
1211,withdraw,取回、抽離,v,0,0,0
1212,wrap,包裝,v,0,0,0
1213,wreck,使失事、破壞,v,0,0,0
第三十二次,0,0,0,0,0,0
1214,babysit,當臨時保姆,v,0,0,0
1215,bind,捆、綁,v,0,0,0
1216,camp,野營、露營,v,0,0,0
1217,choke,使窒息,v,0,0,0
1218,compare,比較、對照,v,0,0,0
1219,compound,增加、混合,v,0,0,0
1220,crawl,爬行,v,0,0,0
1221,curl,捲曲,v,0,0,0
1222,damn,咒罵,v,0,0,0
1223,dip,浸泡,v,0,0,0
1224,distrust,不信任,v,0,0,0
1225,drag,拉、拖,v,0,0,0
1226,drain,排出,v,0,0,0
1227,erase,抹去,v,0,0,0
1228,erect,使豎立,v,0,0,0
1229,fetch,(去)拿來,v,0,0,0
1230,flee,逃離,v,0,0,0
1231,giggle,咯咯地笑,v,0,0,0
1232,glide,滑動、滑行,v,0,0,0
1233,grasp,握緊,v,0,0,0
1234,halt,停止,v,0,0,0
1235,intensify,加強、增強,v,0,0,0
1236,invade,侵入、侵略,v,0,0,0
1237,peer,凝視,v,0,0,0
1238,prosper,使繁榮、昌盛,v,0,0,0
1239,quote,引用,v,0,0,0
1240,rot,腐爛,v,0,0,0
1241,scan,掃描,v,0,0,0
1242,scatter,散布,v,0,0,0
1243,scoop,用勺舀、勺子,v、n,0,0,0
1244,screw,旋、擰、螺絲,v、n,0,0,0
1245,scrub,用力擦洗,v,0,0,0
1246,season,調味,v,0,0,0
1247,sew,縫合,v,0,0,0
1248,shrug,聳肩,v,0,0,0
1249,sneak,偷偷的走,v,0,0,0
1250,sob,啜泣,v,0,0,0
1251,sow,播種,v,0,0,0
1252,spin,紡紗,v,0,0,0
1253,tease,戲弄,v,0,0,0
1254,transport,運輸,v,0,0,0
1255,yell,叫喊,v,0,0,0
第三十三次,0,0,0,0,0,0
1256,abnormal,異常的,adj,0,0,0
1257,absolute,絕對的,adj,0,0,0
1258,abstract,抽象的,adj,0,0,0
1259,academic,學術的,adj,0,0,0
1260,acceptable,可接受的,adj,0,0,0
1261,accepted,被接受的、公認的,adj,0,0,0
1262,accidental,意外的,adj,0,0,0
1263,accurate,準確的,adj,0,0,0
1264,accustomed,習慣的,adj,0,0,0
1265,actual,實際的,adj,0,0,0
1266,additional,額外的,adj,0,0,0
1267,adequate,足夠的,adj,0,0,0
1268,admirable,值得讚美的,adj,0,0,0
1269,advanced,先進的,adj,0,0,0
1270,aged,老年的,adj,0,0,0
1271,aggressive,具攻擊性的,adj,0,0,0
1272,agreeable,令人愉悅的,adj,0,0,0
1273,air-conditioned,有空調的,adj,0,0,0
1274,amateur,業餘的,adj,0,0,0
1275,amazed,感到驚訝的,adj,0,0,0
1276,amazing,令人驚訝的,adj,0,0,0
1277,ambitious,有抱負的、雄心勃勃的,adj,0,0,0
1278,amused,感到好笑的,adj,0,0,0
1279,amusing,引人發笑的,adj,0,0,0
1280,annoyed,生氣惱怒的,adj,0,0,0
1281,annoying,惱人的,adj,0,0,0
1282,annual,年度的,adj,0,0,0
1283,anxious,焦慮的,adj,0,0,0
1284,apparent,顯然的,adj,0,0,0
1285,appropriate,合適的,adj,0,0,0
1286,armed,武裝的,adj,0,0,0
1287,artificial,人工的,adj,0,0,0
1288,artistic,有藝術天賦的,adj,0,0,0
1289,ascending,上升的,adj,0,0,0
第三十四次,0,0,0,0,0,0
1290,ashamed,羞愧的,adj,0,0,0
1291,astonished,感到驚訝的,adj,0,0,0
1292,astonishing,令人驚訝的,adj,0,0,0
1293,athletic,像運動一般(強壯)的,adj,0,0,0
1294,atomic,原子的,adj,0,0,0
1295,attractive,有吸引力的,adj,0,0,0
1296,audio,聲音的,adj,0,0,0
1297,automatic,自動的,adj,0,0,0
1298,average,平均的,adj,0,0,0
1299,awaken,清醒的,adj,0,0,0
1300,awful,糟透的,adj,0,0,0
1301,awkward,笨拙的,adj,0,0,0
1302,baggy,寬鬆的,adj,0,0,0
1303,bald,禿頭的,adj,0,0,0
1304,bankrupt,破產的,adj,0,0,0
1305,bare,赤裸的、裸體的,adj,0,0,0
1306,based,有根基的,adj,0,0,0
1307,believable,可信的,adj,0,0,0
1308,beneficial,有益的,adj,0,0,0
1309,bloody,血淋淋的,adj,0,0,0
1310,bold,勇敢的,adj,0,0,0
1311,bony,瘦得皮包骨的,adj,0,0,0
1312,brilliant,聰明的,adj,0,0,0
1313,broke,身無分文的,adj,0,0,0
1314,brutal,殘忍的,adj,0,0,0
1315,calculating,精明的、狡猾的,adj,0,0,0
1316,capable,有能力的,adj,0,0,0
1317,capitalist,資本主義的,adj,0,0,0
1318,casual,隨意的,adj,0,0,0
1319,changeable,易變的,adj,0,0,0
1320,charming,迷人的,adj,0,0,0
1321,cheerful,興高采烈的,adj,0,0,0
1322,chilly,冷颼颼的,adj,0,0,0
1323,Christian,基督教的,adj,0,0,0
1324,circular,環形的,adj,0,0,0
1325,civil,有禮貌的、公民的,adj,0,0,0
1326,civilian,平民的,adj,0,0,0
1327,clothed,穿著衣服的,adj,0,0,0
1328,clumsy,笨拙的,adj,0,0,0
第三十五次,0,0,0,0,0,0
1329,coarse,粗俗的,adj,0,0,0
1330,colored,彩色的、有顏色的,adj,0,0,0
1331,combined,聯合的,adj,0,0,0
1332,coming,即將到來的,adj,0,0,0
1333,commercial,商業的,adj,0,0,0
1334,comparative,比較的,adj,0,0,0
1335,competitive,競爭性的,adj,0,0,0
1336,complex,複雜的,adj,0,0,0
1337,complicated,複雜的,adj,0,0,0
1338,concrete,具體的,adj,0,0,0
1339,conscious,自覺的,adj,0,0,0
1340,conservative,保守的,adj,0,0,0
1341,considerable,可觀的,adj,0,0,0
1342,considerate,體貼的,adj,0,0,0
1343,consistent,始終如一的,adj,0,0,0
1344,constant,持續的,adj,0,0,0
1345,constructive,建設性的,adj,0,0,0
1346,contemporary,同時代的,adj,0,0,0
1347,content,滿足的,adj,0,0,0
1348,continental,大陸的,adj,0,0,0
1349,continual,不間斷的,adj,0,0,0
1350,continuous,連續的,adj,0,0,0
1351,contrary,相反的,adj,0,0,0
1352,conventional,傳統的,adj,0,0,0
1353,cooperative,合作的,adj,0,0,0
1354,costly,昂貴的,adj,0,0,0
1355,courageous,勇敢的,adj,0,0,0
1356,courteous,有禮貌的,adj,0,0,0
1357,creative,有創意的,adj,0,0,0
1358,criminal,犯罪的,adj,0,0,0
1359,crisp,酥脆的,adj,0,0,0
1360,critical,批判的,adj,0,0,0
1361,cultural,文化的,adj,0,0,0
1362,damp,潮濕的,adj,0,0,0
1363,defensive,防禦性的,adj,0,0,0
1364,definite,確定的,adj,0,0,0
1365,delicate,易碎的、嬌嫩的,adj,0,0,0
第三十六次,0,0,0,0,0,0
1366,delighted,快樂的,adj,0,0,0
1367,delightful,快樂的、吸引人的,adj,0,0,0
1368,demanding,高要求的,adj,0,0,0
1369,dense,濃的、密的,adj,0,0,0
1370,dependable,可靠的,adj,0,0,0
1371,dependent,依賴的,adj,0,0,0
1372,depressed,沮喪的,adj,0,0,0
1373,depressing,令人沮喪的,adj,0,0,0
1374,desperate,絕望的、孤注一擲的,adj,0,0,0
1375,destructive,破壞性的,adj,0,0,0
1376,detailed,詳細的,adj,0,0,0
1377,determined,心意堅決的,adj,0,0,0
1378,devoted,摯愛的,adj,0,0,0
1379,digital,數位的,adj,0,0,0
1380,dim,晦暗的、模糊的,adj,0,0,0
1381,disabled,殘障的,adj,0,0,0
1382,disadvantaged,處於劣勢的,adj,0,0,0
1383,disappointed,失望的,adj,0,0,0
1384,disappointing,令人失望的,adj,0,0,0
1385,distant,遙遠的,adj,0,0,0
1386,distinct,明顯的、明顯不同的,adj,0,0,0
1387,distinguished,卓越的,adj,0,0,0
1388,divine,神性的,adj,0,0,0
1389,domestic,國內的,adj,0,0,0
1390,dominant,主導的,adj,0,0,0
1391,doubtful,懷疑的,adj,0,0,0
1392,dramatic,戲劇的、戲劇般的,adj,0,0,0
1393,dreadful,可怕的,adj,0,0,0
1394,drowsy,昏昏欲睡的,adj,0,0,0
1395,drunk,酒醉的,adj,0,0,0
1396,due,預計的、預期的,adj,0,0,0
1397,dull,枯燥的、無聊的,adj,0,0,0
1398,durable,耐久的,adj,0,0,0
1399,dynamic,充滿活力的、精力充沛的,adj,0,0,0
1400,eager,渴望的,adj,0,0,0
1401,earnest,鄭重其事的,adj,0,0,0
1402,economic,經濟的,adj,0,0,0
1403,economical,節省的,adj,0,0,0
第三十七次,0,0,0,0,0,0
1404,edible,可食用的,adj,0,0,0
1405,editorial,編輯的,adj,0,0,0
1406,educational,教育的,adj,0,0,0
1407,efficient,高效率的,adj,0,0,0
1408,elaborate,精心設計的,adj,0,0,0
1409,elastic,有彈性的,adj,0,0,0
1410,electrical,電的,adj,0,0,0
1411,elegant,優雅的,adj,0,0,0
1412,elementary,基本的,adj,0,0,0
1413,emotional,情緒的,adj,0,0,0
1414,enclosed,隨函附上的,adj,0,0,0
1415,energetic,有活力的,adj,0,0,0
1416,enjoyable,令人愉快的,adj,0,0,0
1417,enormous,極大的,adj,0,0,0
1418,enthusiastic,熱情的,adj,0,0,0
1419,envious,羨慕的、忌妒的,adj,0,0,0
1420,environmental,環境的,adj,0,0,0
1421,equivalent,等值的、等同的,adj,0,0,0
1422,essential,必須的,adj,0,0,0
1423,even,平坦的、平等的,adj,0,0,0
1424,eventual,最終的,adj,0,0,0
1425,everyday,每天的,adj,0,0,0
1426,evident,明顯的、明顯不同的,adj,0,0,0
1427,exceptional,不同凡響的,adj,0,0,0
1428,experimental,實驗的,adj,0,0,0
1429,explosive,會爆炸的,adj,0,0,0
1430,extensive,範圍廣的,adj,0,0,0
1431,extinct,滅絕的,adj,0,0,0
1432,extraordinary,非凡的,adj,0,0,0
1433,extreme,極端的、非常的,adj,0,0,0
1434,facial,臉部的,adj,0,0,0
1435,faint,微弱的、虛弱無力的,adj,0,0,0
1436,faithful,忠誠的,adj,0,0,0
1437,familiar,熟悉的,adj,0,0,0
1438,fascinated,著迷的,adj,0,0,0
1439,fatal,致命的,adj,0,0,0
1440,faulty,有缺點的,adj,0,0,0
1441,favorable,討人喜歡的、有益的,adj,0,0,0
第三十八次,0,0,0,0,0,0
1442,fertile,肥沃的,adj,0,0,0
1443,fierce,激烈的、猛烈的,adj,0,0,0
1444,financial,財物的,adj,0,0,0
1445,flexible,有彈性的,adj,0,0,0
1446,fluent,流暢的,adj,0,0,0
1447,foggy,有霧的,adj,0,0,0
1448,fond,喜歡的,adj,0,0,0
1449,forgetful,健忘的,adj,0,0,0
1450,fortunate,幸運的,adj,0,0,0
1451,freezing,極冷的,adj,0,0,0
1452,frequent,頻繁發生的,adj,0,0,0
1453,frightening,令人恐懼的,adj,0,0,0
1454,frozen,冷凍的、結冰的,adj,0,0,0
1455,fundamental,基本的、主要的,adj,0,0,0
1456,furious,發怒的、狂怒的,adj,0,0,0
1457,genuine,真實的,adj,0,0,0
1458,gifted,有天賦的,adj,0,0,0
1459,gigantic,巨大的,adj,0,0,0
1460,global,全球性的,adj,0,0,0
1461,glorious,榮耀的,adj,0,0,0
1462,graceful,優雅的,adj,0,0,0
1463,gradual,逐漸的,adj,0,0,0
1464,grateful,感激的,adj,0,0,0
1465,grave,嚴肅的、嚴峻的,adj,0,0,0
1466,guilty,有罪的,adj,0,0,0
1467,habitual,習慣性的,adj,0,0,0
1468,handicapped,殘障的,adj,0,0,0
1469,hard-working,認真的,adj,0,0,0
1470,harmful,有害的,adj,0,0,0
1471,harsh,嚴苛的,adj,0,0,0
1472,hasty,倉促的,adj,0,0,0
1473,heavenly,天堂的、美好的,adj,0,0,0
1474,hidden,隱藏的,adj,0,0,0
1475,historic,有歷史意義的,adj,0,0,0
1476,historical,有關歷史的,adj,0,0,0
1477,hollow,空洞的,adj,0,0,0
1478,honorable,高尚的,adj,0,0,0
1479,hopeful,充滿希望的,adj,0,0,0
1480,hourly,每小時的,adj,0,0,0
1481,ideal,理想的,adj,0,0,0
第三十九次,0,0,0,0,0,0
1482,identical,相同的,adj,0,0,0
1483,idle,無目的的,adj,0,0,0
1484,ignorant,無知的,adj,0,0,0
1485,illegal,非法的,adj,0,0,0
1486,imaginary,虛構的,adj,0,0,0
1487,immediate,立即的,adj,0,0,0
1488,impatient,沒耐心的,adj,0,0,0
1489,impressive,給人留下印象的,adj,0,0,0
1490,inadequate,不夠的、不足的,adj,0,0,0
1491,included,被包括在內的,adj,0,0,0
1492,incomplete,不完整的、未完成的,adj,0,0,0
1493,inconvenient,不方便的,adj,0,0,0
1494,industrial,工業的,adj,0,0,0
1495,inevitable,無法避免的,adj,0,0,0
1496,inferior,較差的、較低的,adj,0,0,0
1497,influential,有影響力的,adj,0,0,0
1498,informal,非正式的,adj,0,0,0
1499,informative,資訊豐富的,adj,0,0,0
1500,initial,最初的,adj,0,0,0
1501,injured,受傷的,adj,0,0,0
第四十次,0,0,0,0,0,0
1502,inner,內部的、內心的,adj,0,0,0
1503,innocent,無辜的、無罪的,adj,0,0,0
1504,intellectual,智力的,adj,0,0,0
1505,intense,強烈的,adj,0,0,0
1506,intensive,密集的,adj,0,0,0
1507,interesting,有趣的,adj,0,0,0
1508,intermediate,中間的、中級的,adj,0,0,0
1509,internal,內部的,adj,0,0,0
1510,invisible,看不見的,adj,0,0,0
1511,involved,糾纏的、複雜的,adj,0,0,0
1512,irregular,不規則的,adj,0,0,0
1513,joyful,歡樂的,adj,0,0,0
1514,knowledgeable,有見識的,adj,0,0,0
1515,lawful,合法的,adj,0,0,0
1516,legendary,傳奇的,adj,0,0,0
1517,leisurely,悠閒的,adj,0,0,0
1518,liberal,自由開放的,adj,0,0,0
1519,literary,文學的,adj,0,0,0
1520,logical,合乎邏輯的,adj,0,0,0
1521,loyal,忠實的,adj,0,0,0
第四十一次,0,0,0,0,0,0
1522,luxurious,奢侈的,adj,0,0,0
1523,magnetic,有磁性的,adj,0,0,0
1524,magnificent,壯麗的,adj,0,0,0
1525,manageable,可處理的,adj,0,0,0
1526,mathematical,數學的,adj,0,0,0
1527,mature,成熟的,adj,0,0,0
1528,mean,吝嗇的、低劣的,adj,0,0,0
1529,meaningful,富有意義的,adj,0,0,0
1530,measurable,可測量的,adj,0,0,0
1531,mechanical,機械的,adj,0,0,0
1532,medical,醫學的,adj,0,0,0
1533,memorable,難忘的,adj,0,0,0
1534,mental,精神的,adj,0,0,0
1535,mild,溫和的,adj,0,0,0
1536,miserable,悲慘的,adj,0,0,0
1537,moderate,溫和的,adj,0,0,0
1538,modest,謙虛的,adj,0,0,0
1539,moral,道德的,adj,0,0,0
1540,mountainous,多山的,adj,0,0,0
1541,movable,可移動的,adj,0,0,0
1542,muddy,泥濘的,adj,0,0,0
1543,multiple,多個的,adj,0,0,0
1544,musical,音樂的,adj,0,0,0
1545,mutual,互相的、共同的,adj,0,0,0
1546,mysterious,神秘的,adj,0,0,0
1547,naked,赤裸的、裸體的,adj,0,0,0
1548,nasty,令人不快的,adj,0,0,0
1549,native,土生土長的,adj,0,0,0
1550,naval,海軍的,adj,0,0,0
1551,neat,整齊的,adj,0,0,0
1552,needy,貧窮的,adj,0,0,0
1553,noble,高貴的,adj,0,0,0
1554,non-stop,不停的,adj,0,0,0
1555,normal,正常的,adj,0,0,0
1556,nuclear,核能的,adj,0,0,0
1557,numerous,無數的、很多的,adj,0,0,0
1558,obedient,順從的,adj,0,0,0
1559,obvious,明顯的、明顯不同的,adj,0,0,0
第四十二次,0,0,0,0,0,0
1560,occasional,偶然的,adj,0,0,0
1561,odd,奇數的、奇怪的,adj,0,0,0
1562,offensive,冒犯的,adj,0,0,0
1563,opposite,相反的、完全不同的,adj,0,0,0
1564,oral,口頭的,adj,0,0,0
1565,organic,有機的,adj,0,0,0
1566,original,最初的、原本的,adj,0,0,0
1567,outstanding,傑出的、優秀的,adj,0,0,0
1568,outward,向外的、外面的,adj,0,0,0
1569,overhead,企業日常開支的、在頭頂上的,adj,0,0,0
1570,parallel,平行的,adj,0,0,0
1571,partial,偏心的,adj,0,0,0
1572,passive,被動的,adj,0,0,0
1573,patriotic,愛國的,adj,0,0,0
1574,peculiar,獨特的,adj,0,0,0
1575,permanent,永久的,adj,0,0,0
1576,persuasive,有說服力的,adj,0,0,0
1577,pessimistic,悲觀的,adj,0,0,0
1578,philosophical,哲學的、豁達的,adj,0,0,0
1579,photographic,攝影的,adj,0,0,0
1580,physical,物質的,adj,0,0,0
1581,political,政治的,adj,0,0,0
1582,poisonous,有毒的,adj,0,0,0
1583,portable,可攜帶的,adj,0,0,0
1584,postal,郵政的,adj,0,0,0
1585,potential,潛在的,adj,0,0,0
1586,practical,實際的,adj,0,0,0
1587,precise,精準的,adj,0,0,0
1588,preferable,更好的,adj,0,0,0
1589,pregnant,懷孕的,adj,0,0,0
1590,presidential,總統的,adj,0,0,0
1591,previous,先前的,adj,0,0,0
1592,primary,主要的、基本的,adj,0,0,0
1593,prime,首要的、主要的,adj,0,0,0
1594,primitive,原始的,adj,0,0,0
1595,probable,可能的,adj,0,0,0
1596,productive,多產的,adj,0,0,0
1597,professional,專業的,adj,0,0,0
第四十三次,0,0,0,0,0,0
1598,profitable,有利的、有盈利的,adj,0,0,0
1599,progressive,漸進的,adj,0,0,0
1600,prominent,突出的,adj,0,0,0
1601,promising,有前途的,adj,0,0,0
1602,proper,合適的,adj,0,0,0
1603,prosperous,繁榮的,adj,0,0,0
1604,protective,保護的,adj,0,0,0
1605,psychological,心理的,adj,0,0,0
1606,punctual,準時的,adj,0,0,0
1607,pure,純的、純淨的,adj,0,0,0
1608,qualified,勝任的,adj,0,0,0
1609,racial,種族的,adj,0,0,0
1610,radical,極端的,adj,0,0,0
1611,realistic,現實的、務實的,adj,0,0,0
1612,reasonable,合理的,adj,0,0,0
1613,regional,區域的,adj,0,0,0
1614,related,相關的,adj,0,0,0
1615,reliable,可靠的,adj,0,0,0
1616,religious,宗教的,adj,0,0,0
1617,reluctant,不願意的,adj,0,0,0
1618,remarkable,非凡的,adj,0,0,0
1619,remote,遙遠的,adj,0,0,0
1620,resistant,抵抗的、抵制的,adj,0,0,0
1621,revolutionary,改革的、革命性的,adj,0,0,0
1622,romantic,浪漫的,adj,0,0,0
1623,rough,粗糙的,adj,0,0,0
1624,rural,鄉下的,adj,0,0,0
1625,satisfactory,令人滿意的,adj,0,0,0
1626,scarce,稀有的、罕見的,adj,0,0,0
1627,scientific,科學的,adj,0,0,0
1628,secondary,次要的,adj,0,0,0
1629,sensible,明智的,adj,0,0,0
1630,sensitive,敏感的,adj,0,0,0
1631,severe,嚴重的,adj,0,0,0
1632,shallow,淺的,adj,0,0,0
1633,significant,重要的,adj,0,0,0
